{
    "Camera_1": {
        "extrinsic_mat": [
            [
                -4.371139183945161e-08,
                1.0,
                -6.518786932474541e-08,
                3.4893270139946253e-07
            ],
            [
                -0.19611620903015137,
                5.53494530208809e-08,
                0.9805806875228882,
                -0.9805803298950195
            ],
            [
                0.9805806875228882,
                5.564693950077526e-08,
                0.19611620903015137,
                -5.295135974884033
            ],
            [
                -0.0,
                -0.0,
                -0.0,
                1.0
            ]
        ],
        "intrinsics": {
            "width": 1920,
            "height": 1080,
            "intrinsic_matrix": [
                [
                    2666.666748046875,
                    0.0,
                    960.0
                ],
                [
                    0.0,
                    2666.666748046875,
                    540.0
                ],
                [
                    0.0,
                    0.0,
                    1.0
                ]
            ]
        }
    }
}{
    "Camera_2": {
        "extrinsic_mat": [
            [
                -4.371139183945161e-08,
                -1.0,
                6.518786932474541e-08,
                -3.4893270139946253e-07
            ],
            [
                0.19611620903015137,
                5.53494530208809e-08,
                0.9805806875228882,
                -0.9805803298950195
            ],
            [
                -0.9805806875228882,
                5.564693950077526e-08,
                0.19611620903015137,
                -5.295135974884033
            ],
            [
                0.0,
                0.0,
                -0.0,
                1.0
            ]
        ],
        "intrinsics": {
            "width": 1920,
            "height": 1080,
            "intrinsic_matrix": [
                [
                    2666.666748046875,
                    0.0,
                    960.0
                ],
                [
                    0.0,
                    2666.666748046875,
                    540.0
                ],
                [
                    0.0,
                    0.0,
                    1.0
                ]
            ]
        }
    }
}{
    "Camera_3": {
        "extrinsic_mat": [
            [
                -1.0,
                -8.742277657347586e-08,
                -8.572509102577897e-08,
                6.085640507080825e-07
            ],
            [
                -6.691534792935272e-08,
                -0.19611608982086182,
                0.9805806875228882,
                -0.9805809259414673
            ],
            [
                -1.0253715032604305e-07,
                0.9805806875228882,
                0.19611608982086182,
                -5.295135498046875
            ],
            [
                0.0,
                0.0,
                -0.0,
                1.0
            ]
        ],
        "intrinsics": {
            "width": 1920,
            "height": 1080,
            "intrinsic_matrix": [
                [
                    2666.666748046875,
                    0.0,
                    960.0
                ],
                [
                    0.0,
                    2666.666748046875,
                    540.0
                ],
                [
                    0.0,
                    0.0,
                    1.0
                ]
            ]
        }
    }
}{
    "Camera_4": {
        "extrinsic_mat": [
            [
                1.0,
                -0.0,
                0.0,
                -0.0
            ],
            [
                -0.0,
                0.19611608982086182,
                0.9805806875228882,
                -0.9805809259414673
            ],
            [
                0.0,
                -0.9805806875228882,
                0.19611608982086182,
                -5.295135498046875
            ],
            [
                -0.0,
                0.0,
                -0.0,
                1.0
            ]
        ],
        "intrinsics": {
            "width": 1920,
            "height": 1080,
            "intrinsic_matrix": [
                [
                    2666.666748046875,
                    0.0,
                    960.0
                ],
                [
                    0.0,
                    2666.666748046875,
                    540.0
                ],
                [
                    0.0,
                    0.0,
                    1.0
                ]
            ]
        }
    }
}